"Term ID","Term Permalink","Term Name","Term Slug",Description,"Parent ID","Parent Name","Parent Slug",Count,"Image URL","Image Title","Image Caption","Image Description","Image Alt Text","Image Featured","Palette Name",Palettes,Testimonials,"Display Name","Long Description","Sales Description","Part Number","MFG Part Number",Brand,"Product Group ID","Display Price","Cart Price","Main Image LInk","Additional Images","Shipping Length","Shipping Width","Shipping Height","Shipping Weight",Show,"Long Description","Sales Description","Vehicle IDs","Part Qualifiers","Vehicle ID","Year ID","Make Name","Model Name","Submodel Name","Vehicle Type ID","Vehicle Type Name","Region ID","Region Name","Product Group ID","Product Group Name","Category ID","Category Name","Subcategory ID","Subcategory Name","Part Type ID","Part Type Name","SubPart ID","SupPart Name","Short Description (Top)","Long Description (Bottom)","Turn Off Subcategories/Products?","Category Image","Footer Logo","Contact Info","Copyright Info",Logo
12434,http://transamericanautoparts.local/vehicle_category/1999/,1999,1999,,0,,,0,,,,,,,,,,,,,,,,,,,,,,,,,,,,,,,,,,,,,,,,,,,,,,,,,,,,,,,,
12435,http://transamericanautoparts.local/vehicle_category/suzuki/,Suzuki,suzuki,,12434,1999,1999,0,,,,,,,,,,,,,,,,,,,,,,,,,,,,,,,,,,,,,,,,,,,,,,,,,,,,,,,,
12436,http://transamericanautoparts.local/vehicle_category/grand-vitara/,"Grand Vitara",grand-vitara,,12435,Suzuki,suzuki,0,,,,,,,,,,,,,,,,,,,,,,,,,,,,,,,,,,,,,,,,,,,,,,,,,,,,,,,,
12437,http://transamericanautoparts.local/vehicle_category/js/,JS,js,,12436,"Grand Vitara",grand-vitara,0,,,,,,,,,,,,,,,,,,,,,,,,,,,,,,,,,,,,,,,,,,,,,,,,,,,,,,,,
