notes,test_notes,product_url,part_number,product_grade,product_modifier,application,vehicle_id,short_description,price,bolt_pattern,recommended_wheel_size,wheel_fitment_pn,recommended_tire_size,tire_fitment_pn
,,,K4236MS,base,,FORD F-150 04-08,"54432,54432,55606,55607,55612,56705,56753,57476,57477,57477,57479,57480,57480,63085,70838,70839,70841,70842,70843,54435,55608,56703,56704,56704,57476,57478,57479,57480,63084,70841,70842,70843,70845,70845,70846,234383,54431,54433,54433,54434,55611,55611,56702,56703,56704,56705,56705,56753,57478,57479,57479,63084,63086,70838,70839,70840,70841,70841,70842,70844,70844,70846,234383,55606,55610,55611,55612,55612,56701,56701,56702,56704,56705,56754,56754,57480,63086,70838,70840,70842,234383,"," 0-2""/ 0""  System with PRO-M Shocks", $	399.96 ,6x135,17X8.5 +25MM,"MR30578516525, MR70578516825, MR70378516925, MR70678516525",315/70/17 LRC,"BFG08806, PCT43157017"
,,https://www.procompusa.com/product-skus/2-lift-kit-with-pro-m-shocks-and-upper-control-arms-k4236msu/,K4236MSU,base-uca,,FORD F-150 04-08,"54432,54432,55606,55607,55612,56705,56753,57476,57477,57477,57479,57480,57480,63085,70838,70839,70841,70842,70843,54435,55608,56703,56704,56704,57476,57478,57479,57480,63084,70841,70842,70843,70845,70845,70846,234383,54431,54433,54433,54434,55611,55611,56702,56703,56704,56705,56705,56753,57478,57479,57479,63084,63086,70838,70839,70840,70841,70841,70842,70844,70844,70846,234383,55606,55610,55611,55612,55612,56701,56701,56702,56704,56705,56754,56754,57480,63086,70838,70840,70842,234383,"," 0-2""/ 0""  System with PRO-M Shocks and Upper Control Arms"," $	1,155.95 ",6x135,17X8.5 +25MM,"MR30578516525, MR70578516825, MR70378516925, MR70678516525",315/70/17 LRC,"BFG08806, PCT43157017"
,,https://www.procompusa.com/product-skus/2-lift-kit-with-pro-m-shocks-k4237ms/,K4237MS,base,,FORD F-150 09-13,"73879,73882,143966,143967,143969,143970,143970,143971,155757,156319,156321,156321,156321,156326,191768,191770,191770,191773,191773,191775,191775,191775,191776,191776,191776,193766,193768,193771,193784,73878,73880,73880,73881,143972,143974,156318,156318,156320,156323,156323,156325,156325,156325,191767,191767,191772,191772,191772,193763,193763,193766,193766,193768,193770,193770,193770,73876,73877,73881,73881,143972,155757,156322,156322,156324,156324,191770,193762,193765,193771,193771,193771,73882,73882,143968,143971,143971,143972,156317,156317,156320,156322,156324,191766,191766,191769,191769,193762,193762,193763,193765,193767,193767,193767,"," 0-2""/ 0""  System with PRO-M Shocks", $	399.96 ,6x135,17X8.5 +25MM,"MR70578516825, MR70378516925, MR30578516325, MR70378516525",315/70/17 LRC,"BFG08806, PCT43157017"
,,https://www.procompusa.com/product-skus/2-lift-kit-with-pro-m-shocks-and-upper-control-arms-k4237msu/,K4237MSU,base-uca,,FORD F-150 09-13,"73879,73882,143966,143967,143969,143970,143970,143971,155757,156319,156321,156321,156321,156326,191768,191770,191770,191773,191773,191775,191775,191775,191776,191776,191776,193766,193768,193771,193784,73878,73880,73880,73881,143972,143974,156318,156318,156320,156323,156323,156325,156325,156325,191767,191767,191772,191772,191772,193763,193763,193766,193766,193768,193770,193770,193770,73876,73877,73881,73881,143972,155757,156322,156322,156324,156324,191770,193762,193765,193771,193771,193771,73882,73882,143968,143971,143971,143972,156317,156317,156320,156322,156324,191766,191766,191769,191769,193762,193762,193763,193765,193767,193767,193767,"," 0-2""/ 0""  System with PRO-M Shocks and Upper Control Arms"," $	1,155.95 ",6x135,17X8.5 +25MM,"MR30578516525, MR70578516825, MR70378516925, MR70678516925",315/70/17 LRC,"BFG08806, PCT43157017"
,,https://www.procompusa.com/product-skus/3-lift-kit-with-vst-2-5-coilovers-and-shocks-k4236bx/,K4236BX,pro,,FORD F-150 04-13,"54432,54432,55606,55607,55612,56705,56753,57476,57477,57477,57479,57480,57480,63085,70838,70839,70841,70842,70843,54435,55608,56703,56704,56704,57476,57478,57479,57480,63084,70841,70842,70843,70845,70845,70846,234383,54431,54433,54433,54434,55611,55611,56702,56703,56704,56705,56705,56753,57478,57479,57479,63084,63086,70838,70839,70840,70841,70841,70842,70844,70844,70846,234383,55606,55610,55611,55612,55612,56701,56701,56702,56704,56705,56754,56754,57480,63086,70838,70840,70842,234383,73879,73882,143966,143967,143969,143970,143970,143971,155757,156319,156321,156321,156321,156326,191768,191770,191770,191773,191773,191775,191775,191775,191776,191776,191776,193766,193768,193771,193784,73878,73880,73880,73881,143972,143974,156318,156318,156320,156323,156323,156325,156325,156325,191767,191767,191772,191772,191772,193763,193763,193766,193766,193768,193770,193770,193770,73876,73877,73881,73881,143972,155757,156322,156322,156324,156324,191770,193762,193765,193771,193771,193771,73882,73882,143968,143971,143971,143972,156317,156317,156320,156322,156324,191766,191766,191769,191769,193762,193762,193763,193765,193767,193767,193767,"," 1-3""/ 0""  System with PRO-VST 2.5"" Coilovers and Shocks"," $	1,974.97 ",6x135,17X8.5 +25MM,"MR30578516525, MR70578516825, MR70378516925, MR70678516525",315/70/17 LRC,"BFG08806, PCT43157017"
,,https://www.procompusa.com/product-skus/3-lift-kit-with-vst-2-5-coilovers-shocks-and-upper-control-arms-k4236bxu/,K4236BXU,pro-uca,,FORD F-150 04-13,"54432,54432,55606,55607,55612,56705,56753,57476,57477,57477,57479,57480,57480,63085,70838,70839,70841,70842,70843,54435,55608,56703,56704,56704,57476,57478,57479,57480,63084,70841,70842,70843,70845,70845,70846,234383,54431,54433,54433,54434,55611,55611,56702,56703,56704,56705,56705,56753,57478,57479,57479,63084,63086,70838,70839,70840,70841,70841,70842,70844,70844,70846,234383,55606,55610,55611,55612,55612,56701,56701,56702,56704,56705,56754,56754,57480,63086,70838,70840,70842,234383,73879,73882,143966,143967,143969,143970,143970,143971,155757,156319,156321,156321,156321,156326,191768,191770,191770,191773,191773,191775,191775,191775,191776,191776,191776,193766,193768,193771,193784,73878,73880,73880,73881,143972,143974,156318,156318,156320,156323,156323,156325,156325,156325,191767,191767,191772,191772,191772,193763,193763,193766,193766,193768,193770,193770,193770,73876,73877,73881,73881,143972,155757,156322,156322,156324,156324,191770,193762,193765,193771,193771,193771,73882,73882,143968,143971,143971,143972,156317,156317,156320,156322,156324,191766,191766,191769,191769,193762,193762,193763,193765,193767,193767,193767,"," 1-3""/ 0""  System with PRO-VST 2.5""  Coilovers, Shocks and Upper Control Arms"," $	2,730.96 ",6x135,17X8.5 +25MM,"MR30578516525, MR70578516825, MR70378516925, MR70678516925",315/70/17 LRC,"BFG08806, PCT43157017"
,,,K4235MS,base,,FORD F-150 14-22 ,"207560,207560,207562,207563,207563,207565,207565,207566,207566,207566,211359,211359,211360,211363,231881,231881,231883,231883,231884,231884,241380,241381,241381,241384,241386,248556,248558,256792,256792,256793,256794,256795,256797,256797,257354,259755,259756,259756,259758,259761,259762,259763,271257,271257,271435,271435,271436,271436,271439,283484,283484,283594,283595,283598,283599,283685,283686,207557,207557,207557,207560,207565,207565,207566,207566,211360,211362,231880,231882,231883,231884,231885,238851,241380,241381,241385,241385,248557,248557,248557,248559,248561,248561,207559,207562,207562,207563,207566,256795,256796,256797,257354,259755,259761,259762,259762,271257,271435,271439,271439,271441,271441,271442,271442,284803,211361,211361,211362,231880,231881,231882,231883,231884,283484,283484,283594,283594,283595,283599,283685,283686,241380,241381,241382,241383,248556,248557,248557,248559,248561,248562,249047,256792,256795,256796,259757,259758,259758,259762,259763,271257,271435,271440,271441,271441,271441,271442,271442,283594,283594,283594,283598,283685,283685,289315,207558,207558,207558,207559,207561,207563,207565,211359,211359,211360,211360,211361,211363,238851,241380,241382,241382,241383,241386,248556,248556,248556,248558,248559,248559,249047,249047,256792,256792,256794,256794,256795,256796,256797,256797,259755,259756,259758,259762,259763,259763,259763,271257,271257,271435,271435,271439,271440,283484,283484,283598,283598,283685,283686,283686,"," 0-2""/ 0""  System with PRO-M Shocks", $	439.96 ,6x135,17X8.5 +25MM,"MR30578516525, MR70578516825, MR70378516925, MR70678516525",315/70/17 LRC,"BFG08806, PCT43157017"
,,https://www.procompusa.com/product-skus/2-lift-kit-with-pro-m-shocks-and-upper-control-arms-k4235msu/,K4235MSU,base-uca,,FORD F-150 14-22 ,"207560,207560,207562,207563,207563,207565,207565,207566,207566,207566,211359,211359,211360,211363,231881,231881,231883,231883,231884,231884,241380,241381,241381,241384,241386,248556,248558,256792,256792,256793,256794,256795,256797,256797,257354,259755,259756,259756,259758,259761,259762,259763,271257,271257,271435,271435,271436,271436,271439,283484,283484,283594,283595,283598,283599,283685,283686,207557,207557,207557,207560,207565,207565,207566,207566,211360,211362,231880,231882,231883,231884,231885,238851,241380,241381,241385,241385,248557,248557,248557,248559,248561,248561,207559,207562,207562,207563,207566,256795,256796,256797,257354,259755,259761,259762,259762,271257,271435,271439,271439,271441,271441,271442,271442,284803,211361,211361,211362,231880,231881,231882,231883,231884,283484,283484,283594,283594,283595,283599,283685,283686,241380,241381,241382,241383,248556,248557,248557,248559,248561,248562,249047,256792,256795,256796,259757,259758,259758,259762,259763,271257,271435,271440,271441,271441,271441,271442,271442,283594,283594,283594,283598,283685,283685,289315,207558,207558,207558,207559,207561,207563,207565,211359,211359,211360,211360,211361,211363,238851,241380,241382,241382,241383,241386,248556,248556,248556,248558,248559,248559,249047,249047,256792,256792,256794,256794,256795,256796,256797,256797,259755,259756,259758,259762,259763,259763,259763,271257,271257,271435,271435,271439,271440,283484,283484,283598,283598,283685,283686,283686,"," 0-2""/ 0""  System with PRO-M Shocks and Upper Control Arms"," $	1,195.95 ",6x135,17X8.5 +25MM,"MR30578516525, MR70578516825, MR70378516925, MR70678516525",315/70/17 LRC,"BFG08806, PCT43157017"
,,https://www.procompusa.com/product-skus/3-lift-kit-with-vst-2-5-coilovers-and-shocks-k4235bx/,K4235BX,pro,,FORD F-150 14-22 ,"207560,207560,207562,207563,207563,207565,207565,207566,207566,207566,211359,211359,211360,211363,231881,231881,231883,231883,231884,231884,241380,241381,241381,241384,241386,248556,248558,256792,256792,256793,256794,256795,256797,256797,257354,259755,259756,259756,259758,259761,259762,259763,271257,271257,271435,271435,271436,271436,271439,283484,283484,283594,283595,283598,283599,283685,283686,207557,207557,207557,207560,207565,207565,207566,207566,211360,211362,231880,231882,231883,231884,231885,238851,241380,241381,241385,241385,248557,248557,248557,248559,248561,248561,207559,207562,207562,207563,207566,256795,256796,256797,257354,259755,259761,259762,259762,271257,271435,271439,271439,271441,271441,271442,271442,284803,211361,211361,211362,231880,231881,231882,231883,231884,283484,283484,283594,283594,283595,283599,283685,283686,241380,241381,241382,241383,248556,248557,248557,248559,248561,248562,249047,256792,256795,256796,259757,259758,259758,259762,259763,271257,271435,271440,271441,271441,271441,271442,271442,283594,283594,283594,283598,283685,283685,289315,207558,207558,207558,207559,207561,207563,207565,211359,211359,211360,211360,211361,211363,238851,241380,241382,241382,241383,241386,248556,248556,248556,248558,248559,248559,249047,249047,256792,256792,256794,256794,256795,256796,256797,256797,259755,259756,259758,259762,259763,259763,259763,271257,271257,271435,271435,271439,271440,283484,283484,283598,283598,283685,283686,283686,"," 1-3""/ 0""  System with PRO-VST 2.5"" Coilovers and Shocks"," $	1,970.97 ",6x135,17X8.5 +25MM,"MR70578516825, MR70378516925, MR30578516325, MR70378516525",315/70/17 LRC,"BFG08806, PCT43157017"
,,https://www.procompusa.com/product-skus/3-lift-kit-with-vst-2-5-coilovers-shocks-and-upper-control-arms-k4235bxu/,K4235BXU,pro-uca,,FORD F-150 14-22 ,"207560,207560,207562,207563,207563,207565,207565,207566,207566,207566,211359,211359,211360,211363,231881,231881,231883,231883,231884,231884,241380,241381,241381,241384,241386,248556,248558,256792,256792,256793,256794,256795,256797,256797,257354,259755,259756,259756,259758,259761,259762,259763,271257,271257,271435,271435,271436,271436,271439,283484,283484,283594,283595,283598,283599,283685,283686,207557,207557,207557,207560,207565,207565,207566,207566,211360,211362,231880,231882,231883,231884,231885,238851,241380,241381,241385,241385,248557,248557,248557,248559,248561,248561,207559,207562,207562,207563,207566,256795,256796,256797,257354,259755,259761,259762,259762,271257,271435,271439,271439,271441,271441,271442,271442,284803,211361,211361,211362,231880,231881,231882,231883,231884,283484,283484,283594,283594,283595,283599,283685,283686,241380,241381,241382,241383,248556,248557,248557,248559,248561,248562,249047,256792,256795,256796,259757,259758,259758,259762,259763,271257,271435,271440,271441,271441,271441,271442,271442,283594,283594,283594,283598,283685,283685,289315,207558,207558,207558,207559,207561,207563,207565,211359,211359,211360,211360,211361,211363,238851,241380,241382,241382,241383,241386,248556,248556,248556,248558,248559,248559,249047,249047,256792,256792,256794,256794,256795,256796,256797,256797,259755,259756,259758,259762,259763,259763,259763,271257,271257,271435,271435,271439,271440,283484,283484,283598,283598,283685,283686,283686,"," 1-3""/ 0""  System with PRO-VST 2.5"" Coilovers, Shocks and Upper Control Arms"," $	2,726.96 ",6x135,17X8.5 +25MM,"MR70578516825, MR70378516925, MR30578516325, MR70378516525",315/70/17 LRC,"BFG08806, PCT43157017"
No UCA - skip UCA upgrade screen,,https://www.procompusa.com/product-skus/2-lift-kit-with-pro-m-shocks-k4241m/,K4241M,base,plus,FORD F250-F350 11-16,"155583,155584,155587,155588,190543,190545,190547,190549,190551,190553,190555,190555,193630,193631,193634,193636,193637,193638,206985,206986,206988,211007,211008,211011,211012,211013,211014,211015,211016,228770,228773,228776,155588,190543,190545,193631,193634,193635,193638,193645,206983,206984,206987,206987,206988,206991,211008,211009,211012,211014,211015,211016,228769,228772,228777,228778,155583,155585,155587,155589,155590,190547,190549,190551,190553,190557,193630,193632,193633,193636,193637,193645,206982,206985,206986,206992,206993,206993,211009,211010,228771,228774,228775,228776,228778,155584,155585,155586,155586,155589,155590,190557,193632,193633,193635,206982,206983,206984,206991,206992,211007,211010,211011,211013,228769,228770,228771,228772,228773,228774,228775,228777,"," 2.5""/ 0""  System with PRO-M Shocks with Front Coils and Adjustable Track Bar with Bracket"," $	1,486.92 ",8x170,17X8.5 +25MM,,37x12.5x17 LRD OR LRE,BFG35666
No UCA - skip UCA upgrade screen,,,K4245M,base,,FORD F250-F350 11-16,"155583,155584,155587,155588,190543,190545,190547,190549,190551,190553,190555,190555,193630,193631,193634,193636,193637,193638,206985,206986,206988,211007,211008,211011,211012,211013,211014,211015,211016,228770,228773,228776,155588,190543,190545,193631,193634,193635,193638,193645,206983,206984,206987,206987,206988,206991,211008,211009,211012,211014,211015,211016,228769,228772,228777,228778,155583,155585,155587,155589,155590,190547,190549,190551,190553,190557,193630,193632,193633,193636,193637,193645,206982,206985,206986,206992,206993,206993,211009,211010,228771,228774,228775,228776,228778,155584,155585,155586,155586,155589,155590,190557,193632,193633,193635,206982,206983,206984,206991,206992,211007,211010,211011,211013,228769,228770,228771,228772,228773,228774,228775,228777,"," 3.5""/ 3.25""  System with PRO-M Shocks"," $	1,159.95 ",8x170,17X8.5 +25MM,,37x12.5x17 LRD OR LRE,BFG35666
No UCA - skip UCA upgrade screen,,https://www.procompusa.com/product-skus/2-5-lift-kit-with-vst-2-5-shocks-k4241bx/,K4241BX,pro,,FORD F250-F350 11-16,"155583,155584,155587,155588,190543,190545,190547,190549,190551,190553,190555,190555,193630,193631,193634,193636,193637,193638,206985,206986,206988,211007,211008,211011,211012,211013,211014,211015,211016,228770,228773,228776,155588,190543,190545,193631,193634,193635,193638,193645,206983,206984,206987,206987,206988,206991,211008,211009,211012,211014,211015,211016,228769,228772,228777,228778,155583,155585,155587,155589,155590,190547,190549,190551,190553,190557,193630,193632,193633,193636,193637,193645,206982,206985,206986,206992,206993,206993,211009,211010,228771,228774,228775,228776,228778,155584,155585,155586,155586,155589,155590,190557,193632,193633,193635,206982,206983,206984,206991,206992,211007,211010,211011,211013,228769,228770,228771,228772,228773,228774,228775,228777,"," 2.5""/ 0""  System with PRO-VST 2.5"" Shocks with Front Coils and Adjustable Track Bar with Bracket"," $	1,926.94 ",8x170,17X8.5 +25MM,,37x12.5x17 LRD OR LRE,BFG35666
No UCA - skip UCA upgrade screen,,,K4242M,base,plus,FORD F250-F350 17-22,"240535,240536,240537,240538,240539,240540,240542,248552,248554,248555,248547,248549,255879,255880,255881,255882,255884,255885,255888,260605,260607,260608,260609,260612,260616,271448,271450,271451,271444,286014,286014,286747,286747,286748,286748,286015,286741,286744,286745,240535,240536,240541,240542,240543,240544,248551,248552,248555,251599,248546,248547,248548,248550,248550,251600,255879,255881,255882,255883,255883,255885,255886,255886,255889,255890,260605,260607,260608,260610,260612,260613,260614,260615,260616,271255,271448,271449,271451,271452,271256,271444,271446,271447,286746,286747,286750,286015,286015,286742,286743,240540,240541,240544,248553,248554,248546,248549,255880,260605,260606,260607,260609,260611,260612,260615,260616,271255,271448,271449,271451,271452,271452,271256,271443,271445,271446,271447,286014,286746,286748,286750,286742,286745,240537,240538,240539,240543,248551,248553,248548,255887,255887,255888,255890,260608,260609,260610,260610,260613,260613,260614,260614,260615,271255,271449,271256,271443,271443,271444,271446,271447,286746,286749,286750,286741,286741,286742,286743,286743,286745,"," 2.5""/ 0""  System with PRO-M Shocks with Front Coils and Adjustable Track Bar with Bracket"," $	1,554.92 ",8x170,17X8.5 +25MM,,37x12.5x17 LRD OR LRE,BFG35666
No UCA - skip UCA upgrade screen,,https://www.procompusa.com/product-skus/2-lift-kit-with-pro-m-shocks-k4246m/,K4246M,base,,FORD F250-F350 17-22,"240535,240536,240537,240538,240539,240540,240542,248552,248554,248555,248547,248549,255879,255880,255881,255882,255884,255885,255888,260605,260607,260608,260609,260612,260616,271448,271450,271451,271444,286014,286014,286747,286747,286748,286748,286015,286741,286744,286745,240535,240536,240541,240542,240543,240544,248551,248552,248555,251599,248546,248547,248548,248550,248550,251600,255879,255881,255882,255883,255883,255885,255886,255886,255889,255890,260605,260607,260608,260610,260612,260613,260614,260615,260616,271255,271448,271449,271451,271452,271256,271444,271446,271447,286746,286747,286750,286015,286015,286742,286743,240540,240541,240544,248553,248554,248546,248549,255880,260605,260606,260607,260609,260611,260612,260615,260616,271255,271448,271449,271451,271452,271452,271256,271443,271445,271446,271447,286014,286746,286748,286750,286742,286745,240537,240538,240539,240543,248551,248553,248548,255887,255887,255888,255890,260608,260609,260610,260610,260613,260613,260614,260614,260615,271255,271449,271256,271443,271443,271444,271446,271447,286746,286749,286750,286741,286741,286742,286743,286743,286745,"," 3.5""/ 3.25""  System with PRO-M Shocks"," $	1,239.95 ",8x170,17X8.5 +25MM,,37x12.5x17 LRD OR LRE,BFG35666
No UCA - skip UCA upgrade screen,,https://www.procompusa.com/product-skus/2-5-lift-kit-with-vst-2-5-shocks-k4242bx/,K4242BX,pro,,FORD F250-F350 17-22,"240535,240536,240537,240538,240539,240540,240542,248552,248554,248555,248547,248549,255879,255880,255881,255882,255884,255885,255888,260605,260607,260608,260609,260612,260616,271448,271450,271451,271444,286014,286014,286747,286747,286748,286748,286015,286741,286744,286745,240535,240536,240541,240542,240543,240544,248551,248552,248555,251599,248546,248547,248548,248550,248550,251600,255879,255881,255882,255883,255883,255885,255886,255886,255889,255890,260605,260607,260608,260610,260612,260613,260614,260615,260616,271255,271448,271449,271451,271452,271256,271444,271446,271447,286746,286747,286750,286015,286015,286742,286743,240540,240541,240544,248553,248554,248546,248549,255880,260605,260606,260607,260609,260611,260612,260615,260616,271255,271448,271449,271451,271452,271452,271256,271443,271445,271446,271447,286014,286746,286748,286750,286742,286745,240537,240538,240539,240543,248551,248553,248548,255887,255887,255888,255890,260608,260609,260610,260610,260613,260613,260614,260614,260615,271255,271449,271256,271443,271443,271444,271446,271447,286746,286749,286750,286741,286741,286742,286743,286743,286745,"," 2.5""/ 0""  System with PRO-VST 2.5"" Shocks with Front Coils and Adjustable Track Bar with Bracket"," $	1,994.94 ",8x170,17X8.5 +25MM,,37x12.5x17 LRD OR LRE,BFG35666
,,https://www.procompusa.com/product-skus/2-5-lift-kit-with-vst-2-5-coilovers-and-shocks-k4231bx/,K4231BX,pro,,FORD RANGER 19-22,"253330,253332,259754,271253,253331,271460,283440,283600,283601,259752,259753,271459,"," 1-2.75""/ 0""  System with PRO-VST 2.5"" Coilovers and Shocks"," $	1,884.97 ",6X5.5,17x8.5 +35MM,,285/70/17 LRC,"BFG81501, PCT42857017"
For models with Aluminum Knuckles,,https://www.procompusa.com/product-skus/2-5-lift-kit-with-vst-2-5-coilovers-shocks-and-upper-control-arms-k4231bxu/,K4231BXU,pro-uca,aluminum-knuckles,FORD RANGER 19-22,"253330,253332,259754,271253,253331,271460,283440,283600,283601,259752,259753,271459,"," 1-2.75""/ 0""  System with PRO-VST 2.5"" Coilovers, Shocks and Upper Control Arms"," $	2,640.96 ",6X5.5,17x8.5 +35MM,,285/70/17 LRC,"BFG81501, PCT42857017"
For models with Steel Knuckles,,https://www.procompusa.com/product-skus/2-5-lift-kit-with-vst-2-5-coilovers-shocks-and-upper-control-arms-k4234bxu/,K4234BXU,pro-uca,steel-knuckles,FORD RANGER 19-22,"253330,253332,259754,271253,253331,271460,283440,283600,283601,259752,259753,271459,"," 1-2.75""/ 0""  System with PRO-VST 2.5"" Coilovers, Shocks and Upper Control Arms"," $	2,640.96 ",6X5.5,17x8.5 +35MM,,285/70/17 LRC,"BFG81501, PCT42857017"
,,https://www.procompusa.com/product-skus/2-lift-kit-with-pro-m-shocks-k1178ms/,K1178MS,base,small-taper-ball-joints,GM 1500  14-16 (Small Taper Ball Joint),"203420,203421,203422,211060,211061,211061,211062,211062,211063,211065,211065,224859,224860,224861,224862,224862,224894,224894,224896,224896,224897,224897,224897,203418,210841,210839,211058,211059,212778,212778,212779,212779,211064,211064,224859,224860,224863,232878,224894,224897,203418,203419,203419,203420,210841,203421,210839,211058,211058,211060,211061,212779,211062,211064,224858,224863,232878,232878,203422,203423,203423,211059,211060,211063,211063,211065,224858,224858,224859,224859,224860,224860,224861,224863,224895,224895,224896,63932,63932,63933,63934,63934,277116,63935,63935,63935,63936,63937,63937,63937,70378,70379,70379,70380,70380,70470,70477,73134,73154,73155,147506,147508,147508,147511,147513,147514,147516,155817,155819,155821,155823,155830,155830,155834,191164,191165,191166,191182,191186,193868,193881,193882,193882,193883,63932,63933,63933,63934,63936,206694,70378,70378,70379,70380,70477,70478,70479,70479,73134,73134,73135,73135,73135,73136,73136,73137,73155,73157,73157,73157,73158,206702,147505,147506,147508,147511,147512,147512,147513,206704,155817,155817,155824,155826,155828,155828,155830,155834,155835,63932,63934,63935,63936,63937,191162,191163,191163,191165,191165,191184,191186,191187,193869,193870,193871,193871,193881,193883,201399,70378,70380,70477,70477,70478,70478,70479,70479,73134,73155,73155,147507,147507,147510,155819,155819,155821,155832,155832,193368,191164,191183,191185,191186,193247,193869,193870,193872,193872,193880,193882,193884,277115,70381,206700,73135,73136,73136,73138,73157,73158,73158,73158,73160,147504,147505,147506,147509,147512,147514,147514,155815,155823,155823,155834,191161,191162,191163,191183,191184,191184,191185,193870,193872,193873,193884,193884,193885,"," 0.5-2.63""/ 0""  System with PRO-M Shocks", $	399.96 ,6X5.5,17X8.5 +25MM,"MR305785601025, MR30578560525, MR30578560325, MR30578560925",285/70/17 LRC,"BFG81501, PCT42857017"
,,https://www.procompusa.com/product-skus/2-lift-kit-with-pro-m-shocks-and-upper-control-arms-k1178msu/,K1178MSU,base-uca,small-taper-ball-joints,GM 1500  14-16 (Small Taper Ball Joint),"203420,203421,203422,211060,211061,211061,211062,211062,211063,211065,211065,224859,224860,224861,224862,224862,224894,224894,224896,224896,224897,224897,224897,203418,210841,210839,211058,211059,212778,212778,212779,212779,211064,211064,224859,224860,224863,232878,224894,224897,203418,203419,203419,203420,210841,203421,210839,211058,211058,211060,211061,212779,211062,211064,224858,224863,232878,232878,203422,203423,203423,211059,211060,211063,211063,211065,224858,224858,224859,224859,224860,224860,224861,224863,224895,224895,224896,63932,63932,63933,63934,63934,277116,63935,63935,63935,63936,63937,63937,63937,70378,70379,70379,70380,70380,70470,70477,73134,73154,73155,147506,147508,147508,147511,147513,147514,147516,155817,155819,155821,155823,155830,155830,155834,191164,191165,191166,191182,191186,193868,193881,193882,193882,193883,63932,63933,63933,63934,63936,206694,70378,70378,70379,70380,70477,70478,70479,70479,73134,73134,73135,73135,73135,73136,73136,73137,73155,73157,73157,73157,73158,206702,147505,147506,147508,147511,147512,147512,147513,206704,155817,155817,155824,155826,155828,155828,155830,155834,155835,63932,63934,63935,63936,63937,191162,191163,191163,191165,191165,191184,191186,191187,193869,193870,193871,193871,193881,193883,201399,70378,70380,70477,70477,70478,70478,70479,70479,73134,73155,73155,147507,147507,147510,155819,155819,155821,155832,155832,193368,191164,191183,191185,191186,193247,193869,193870,193872,193872,193880,193882,193884,277115,70381,206700,73135,73136,73136,73138,73157,73158,73158,73158,73160,147504,147505,147506,147509,147512,147514,147514,155815,155823,155823,155834,191161,191162,191163,191183,191184,191184,191185,193870,193872,193873,193884,193884,193885,"," 0.5-2.63""/ 0""  System with PRO-M Shocks and Upper Control Arms"," $	1,155.95 ",6X5.5,17X8.5 +25MM,"MR30178560525, MR305785601025, MR30578560525, MR30578560325",285/70/17 LRC,"BFG81501, PCT42857017"
,,https://www.procompusa.com/product-skus/2-5-lift-kit-with-vst-2-5-coilovers-and-shocks-k1177bx/,K1177BX,pro,small-taper-ball-joints,GM 1500  14-16 (Small Taper Ball Joint),"203420,203421,203422,211060,211061,211061,211062,211062,211063,211065,211065,224859,224860,224861,224862,224862,224894,224894,224896,224896,224897,224897,224897,203418,210841,210839,211058,211059,212778,212778,212779,212779,211064,211064,224859,224860,224863,232878,224894,224897,203418,203419,203419,203420,210841,203421,210839,211058,211058,211060,211061,212779,211062,211064,224858,224863,232878,232878,203422,203423,203423,211059,211060,211063,211063,211065,224858,224858,224859,224859,224860,224860,224861,224863,224895,224895,224896,63932,63932,63933,63934,63934,277116,63935,63935,63935,63936,63937,63937,63937,70378,70379,70379,70380,70380,70470,70477,73134,73154,73155,147506,147508,147508,147511,147513,147514,147516,155817,155819,155821,155823,155830,155830,155834,191164,191165,191166,191182,191186,193868,193881,193882,193882,193883,63932,63933,63933,63934,63936,206694,70378,70378,70379,70380,70477,70478,70479,70479,73134,73134,73135,73135,73135,73136,73136,73137,73155,73157,73157,73157,73158,206702,147505,147506,147508,147511,147512,147512,147513,206704,155817,155817,155824,155826,155828,155828,155830,155834,155835,63932,63934,63935,63936,63937,191162,191163,191163,191165,191165,191184,191186,191187,193869,193870,193871,193871,193881,193883,201399,70378,70380,70477,70477,70478,70478,70479,70479,73134,73155,73155,147507,147507,147510,155819,155819,155821,155832,155832,193368,191164,191183,191185,191186,193247,193869,193870,193872,193872,193880,193882,193884,277115,70381,206700,73135,73136,73136,73138,73157,73158,73158,73158,73160,147504,147505,147506,147509,147512,147514,147514,155815,155823,155823,155834,191161,191162,191163,191183,191184,191184,191185,193870,193872,193873,193884,193884,193885,"," 0.5-2.63""/ 0""  System with PRO-VST 2.5"" Coilovers and Shocks"," $	1,984.97 ",6X5.5,17X8.5 +25MM,"MR305785601025, MR30578560525, MR30578560325, MR30578560925",285/70/17 LRC,"BFG81501, PCT42857017"
,,,K1178BXU,pro-uca,small-taper-ball-joints,GM 1500  14-16 (Small Taper Ball Joint),"203420,203421,203422,211060,211061,211061,211062,211062,211063,211065,211065,224859,224860,224861,224862,224862,224894,224894,224896,224896,224897,224897,224897,203418,210841,210839,211058,211059,212778,212778,212779,212779,211064,211064,224859,224860,224863,232878,224894,224897,203418,203419,203419,203420,210841,203421,210839,211058,211058,211060,211061,212779,211062,211064,224858,224863,232878,232878,203422,203423,203423,211059,211060,211063,211063,211065,224858,224858,224859,224859,224860,224860,224861,224863,224895,224895,224896,63932,63932,63933,63934,63934,277116,63935,63935,63935,63936,63937,63937,63937,70378,70379,70379,70380,70380,70470,70477,73134,73154,73155,147506,147508,147508,147511,147513,147514,147516,155817,155819,155821,155823,155830,155830,155834,191164,191165,191166,191182,191186,193868,193881,193882,193882,193883,63932,63933,63933,63934,63936,206694,70378,70378,70379,70380,70477,70478,70479,70479,73134,73134,73135,73135,73135,73136,73136,73137,73155,73157,73157,73157,73158,206702,147505,147506,147508,147511,147512,147512,147513,206704,155817,155817,155824,155826,155828,155828,155830,155834,155835,63932,63934,63935,63936,63937,191162,191163,191163,191165,191165,191184,191186,191187,193869,193870,193871,193871,193881,193883,201399,70378,70380,70477,70477,70478,70478,70479,70479,73134,73155,73155,147507,147507,147510,155819,155819,155821,155832,155832,193368,191164,191183,191185,191186,193247,193869,193870,193872,193872,193880,193882,193884,277115,70381,206700,73135,73136,73136,73138,73157,73158,73158,73158,73160,147504,147505,147506,147509,147512,147514,147514,155815,155823,155823,155834,191161,191162,191163,191183,191184,191184,191185,193870,193872,193873,193884,193884,193885,"," 0.5-2.63""/ 0""  System with PRO-VST 2.5‚Äù Coilovers, Shocks and Upper Control Arms"," $	2,740.96 ",6X5.5,17X8.5 +25MM,"MR30178560525, MR305785601025, MR30578560925, MR30178560325",285/70/17 LRC,"BFG81501, PCT42857017"
,,https://www.procompusa.com/product-skus/2-lift-kit-with-pro-m-shocks-k1179ms/,K1179MS,base,large-taper-ball-joints,GM 1500  14-18 (Large Taper Ball Joints),"203420,203421,203422,211060,211061,211061,211062,211062,211063,211065,211065,224859,224860,224861,224862,224862,224894,224894,224896,224896,224897,224897,224897,239539,239541,239546,239549,247465,247800,247801,247804,247814,247816,203418,210841,210839,211058,211059,212778,212778,212779,212779,211064,211064,224859,224860,224863,232878,224894,224897,239541,239542,239542,239542,239543,239544,239544,239545,239546,239547,239547,239547,239548,239548,239549,239549,247799,247799,247800,247802,247802,247804,247795,247815,247815,247816,247816,203418,203419,203419,203420,210841,203421,210839,211058,211058,211060,211061,212779,211062,211064,224858,224863,232878,232878,239541,239542,239546,239548,239549,247465,247801,247801,247802,247803,247803,247803,247804,247795,247814,203422,203423,203423,211059,211060,211063,211063,211065,224858,224858,224859,224859,224860,224860,224861,224863,224895,224895,224896,239539,239539,239540,239540,239540,239543,239544,239545,247799,247800,247801,247803,247795,247814,247815,247816,"," 0.5-2.63""/ 0""  System with PRO-M Shocks", $	399.96 ,6X5.5,17X8.5 +25MM,"MR305785601025, MR30578560525, MR30578560325, MR30578560925",285/70/17 LRC,"BFG81501, PCT42857017"
,,https://www.procompusa.com/product-skus/2-lift-kit-with-pro-m-shocks-and-upper-control-arms-k1179msu/,K1179MSU,base-uca,large-taper-ball-joints,GM 1500  14-18 (Large Taper Ball Joints),"203420,203421,203422,211060,211061,211061,211062,211062,211063,211065,211065,224859,224860,224861,224862,224862,224894,224894,224896,224896,224897,224897,224897,239539,239541,239546,239549,247465,247800,247801,247804,247814,247816,203418,210841,210839,211058,211059,212778,212778,212779,212779,211064,211064,224859,224860,224863,232878,224894,224897,239541,239542,239542,239542,239543,239544,239544,239545,239546,239547,239547,239547,239548,239548,239549,239549,247799,247799,247800,247802,247802,247804,247795,247815,247815,247816,247816,203418,203419,203419,203420,210841,203421,210839,211058,211058,211060,211061,212779,211062,211064,224858,224863,232878,232878,239541,239542,239546,239548,239549,247465,247801,247801,247802,247803,247803,247803,247804,247795,247814,203422,203423,203423,211059,211060,211063,211063,211065,224858,224858,224859,224859,224860,224860,224861,224863,224895,224895,224896,239539,239539,239540,239540,239540,239543,239544,239545,247799,247800,247801,247803,247795,247814,247815,247816,"," 0.5-2.63""/ 0""  System with PRO-M Shocks and Upper Control Arms"," $	1,155.95 ",6X5.5,17X8.5 +25MM,"MR305785601025, MR30578560525, MR30578560325, MR30578560925",285/70/17 LRC,"BFG81501, PCT42857017"
,,https://www.procompusa.com/product-skus/2-5-lift-kit-with-vst-2-5-coilovers-and-shocks-k1177bx/,K1177BX,pro,large-taper-ball-joints,GM 1500  14-18 (Large Taper Ball Joints),"203420,203421,203422,211060,211061,211061,211062,211062,211063,211065,211065,224859,224860,224861,224862,224862,224894,224894,224896,224896,224897,224897,224897,239539,239541,239546,239549,247465,247800,247801,247804,247814,247816,203418,210841,210839,211058,211059,212778,212778,212779,212779,211064,211064,224859,224860,224863,232878,224894,224897,239541,239542,239542,239542,239543,239544,239544,239545,239546,239547,239547,239547,239548,239548,239549,239549,247799,247799,247800,247802,247802,247804,247795,247815,247815,247816,247816,203418,203419,203419,203420,210841,203421,210839,211058,211058,211060,211061,212779,211062,211064,224858,224863,232878,232878,239541,239542,239546,239548,239549,247465,247801,247801,247802,247803,247803,247803,247804,247795,247814,203422,203423,203423,211059,211060,211063,211063,211065,224858,224858,224859,224859,224860,224860,224861,224863,224895,224895,224896,239539,239539,239540,239540,239540,239543,239544,239545,247799,247800,247801,247803,247795,247814,247815,247816,"," 0.5-2.63""/ 0""  System with PRO-VST 2.5"" Coilovers and Shocks"," $	1,984.97 ",6X5.5,17X8.5 +25MM,"MR305785601025, MR30578560525, MR30578560325, MR30578560925",285/70/17 LRC,"BFG81501, PCT42857017"
,,https://www.procompusa.com/product-skus/2-lift-kit-with-vst-2-5-coilovers-shocks-and-upper-control-arms-k1179bxu/,K1179BXU,pro-uca,large-taper-ball-joints,GM 1500  14-18 (Large Taper Ball Joints),"203420,203421,203422,211060,211061,211061,211062,211062,211063,211065,211065,224859,224860,224861,224862,224862,224894,224894,224896,224896,224897,224897,224897,239539,239541,239546,239549,247465,247800,247801,247804,247814,247816,203418,210841,210839,211058,211059,212778,212778,212779,212779,211064,211064,224859,224860,224863,232878,224894,224897,239541,239542,239542,239542,239543,239544,239544,239545,239546,239547,239547,239547,239548,239548,239549,239549,247799,247799,247800,247802,247802,247804,247795,247815,247815,247816,247816,203418,203419,203419,203420,210841,203421,210839,211058,211058,211060,211061,212779,211062,211064,224858,224863,232878,232878,239541,239542,239546,239548,239549,247465,247801,247801,247802,247803,247803,247803,247804,247795,247814,203422,203423,203423,211059,211060,211063,211063,211065,224858,224858,224859,224859,224860,224860,224861,224863,224895,224895,224896,239539,239539,239540,239540,239540,239543,239544,239545,247799,247800,247801,247803,247795,247814,247815,247816,"," 0.5-2.63""/ 0""  System with PRO-VST 2.5""  Coilovers, Shocks and Upper Control Arms"," $	2,740.96 ",6X5.5,17X8.5 +25MM,"MR305785601025, MR30578560525, MR30578560325, MR30578560925",285/70/17 LRC,"BFG81501, PCT42857017"
Pro and Pro-UCA Only,,https://www.procompusa.com/product-skus/2-5-lift-kit-with-vst-2-5-coilovers-and-shocks-k1180bx/,K1180BX,pro,,GM 1500 19-22,"253335,253336,256968,256969,253848,253848,253851,254785,254785,254787,260626,260629,260630,259621,259623,259623,259624,259626,259627,259628,259628,262270,271200,271481,271482,271597,271613,271614,271615,271615,271615,271616,271618,271619,271620,283439,283607,283557,283558,283559,283562,283562,283562,283564,298630,298633,298634,298634,298635,298646,298647,298636,298637,298637,298639,298640,253334,253334,253336,253341,253341,256968,256968,253851,256971,254786,254786,254787,260630,260630,259621,259624,259625,259625,259627,259627,259628,259628,271200,271478,271478,271481,271482,271482,271613,271614,271616,271619,283607,283607,283610,283611,283611,283558,283559,283559,283559,283560,283560,283560,283561,283561,283563,283563,283563,298631,298631,298631,298633,298633,298647,298636,298641,298641,298642,298642,298642,298642,298645,253336,253339,253339,253340,253340,258405,253849,253849,253850,256970,256971,254784,261520,261520,260625,260625,260625,260626,260627,260627,260627,260628,260628,260628,259621,259622,262270,271479,271479,271597,271597,271613,271618,271618,271619,271620,283439,283608,283608,283608,283609,283609,298632,298632,298632,298646,298637,298637,298638,298638,298638,253335,253336,253341,258405,253850,253851,253851,256970,254784,260626,260629,260629,260630,259621,259622,259622,259623,259624,259624,259625,259626,259627,271200,271478,271479,271480,271480,271480,271481,271482,271613,271615,271616,271617,271619,271620,271620,283439,283609,283610,283610,283446,283557,283557,283561,283564,298630,298635,298635,298636,298640,298640,298640,298641,298643,298643,"," 2.25-3.5""/ 0""  System with PRO-VST 2.5"" Coilovers and Shocks"," $	1,984.97 ",6X5.5,17X8.5 +18MM,TWG8303-7883MB18,315/70/17 LRC,"BFG08806, PCT43157017"
Pro and Pro-UCA Only,,https://www.procompusa.com/product-skus/2-lift-kit-with-vsrt-2-5-coilovers-shocks-and-upper-control-arms-k1180bxu/,K1180BXU,pro-uca,,GM 1500 19-22,"253335,253336,256968,256969,253848,253848,253851,254785,254785,254787,260626,260629,260630,259621,259623,259623,259624,259626,259627,259628,259628,262270,271200,271481,271482,271597,271613,271614,271615,271615,271615,271616,271618,271619,271620,283439,283607,283557,283558,283559,283562,283562,283562,283564,298630,298633,298634,298634,298635,298646,298647,298636,298637,298637,298639,298640,253334,253334,253336,253341,253341,256968,256968,253851,256971,254786,254786,254787,260630,260630,259621,259624,259625,259625,259627,259627,259628,259628,271200,271478,271478,271481,271482,271482,271613,271614,271616,271619,283607,283607,283610,283611,283611,283558,283559,283559,283559,283560,283560,283560,283561,283561,283563,283563,283563,298631,298631,298631,298633,298633,298647,298636,298641,298641,298642,298642,298642,298642,298645,253336,253339,253339,253340,253340,258405,253849,253849,253850,256970,256971,254784,261520,261520,260625,260625,260625,260626,260627,260627,260627,260628,260628,260628,259621,259622,262270,271479,271479,271597,271597,271613,271618,271618,271619,271620,283439,283608,283608,283608,283609,283609,298632,298632,298632,298646,298637,298637,298638,298638,298638,253335,253336,253341,258405,253850,253851,253851,256970,254784,260626,260629,260629,260630,259621,259622,259622,259623,259624,259624,259625,259626,259627,271200,271478,271479,271480,271480,271480,271481,271482,271613,271615,271616,271617,271619,271620,271620,283439,283609,283610,283610,283446,283557,283557,283561,283564,298630,298635,298635,298636,298640,298640,298640,298641,298643,298643,"," 2.25-3.5""/ 0""  System with PRO-VST 2.5"" Coilovers, Shocks and Upper Control Arms"," $	2,740.96 ",6X5.5,17X8.5 +18MM,TWG8303-7883MB18,315/70/17 LRC,"BFG08806, PCT43157017"
,,https://www.procompusa.com/product-skus/2-lift-kit-with-pro-m-shocks-k1183m/,K1183M,base,,GM 2500 HD 11-19 ,"155654,155666,155670,191168,191169,191189,191190,191190,191191,191191,193874,193874,193886,193886,193888,193889,206835,206836,206836,206841,206842,206842,206843,206843,210803,210803,210804,210805,210809,210809,210809,210810,210811,210812,210812,228391,228391,228392,228393,228393,228393,228399,228399,228400,241287,241290,241295,241296,247793,247793,247812,247794,247794,247818,247818,247818,253381,253381,253382,253428,253428,253429,253429,155654,155656,155656,155666,191167,191168,191169,191189,191189,191190,193874,193875,193875,193876,193887,193889,193889,206834,206835,206836,206841,206841,206842,206843,210803,210803,210804,210805,211854,211854,210810,210811,228390,228391,228392,228392,228393,228398,228398,228398,228399,228400,228401,155658,155666,155668,155668,155670,155670,241287,241288,241290,241295,241295,241296,241298,247811,247811,247812,247813,247813,247794,247805,253380,253382,253382,253383,253383,253428,253429,253429,253430,253430,253430,253431,191169,191191,193874,193875,193876,193887,193888,193888,206835,206840,206841,206842,206843,210804,210805,211854,210809,210810,210811,228390,228391,228392,228400,228401,241288,241289,241289,241297,241298,247793,247812,247794,247805,247818,248106,253381,253382,253431,253431,155654,155656,155658,155658,155668,155677,155677,191167,191167,191168,191188,191188,193875,193876,193876,193887,193887,193888,193889,206834,206834,206834,206835,206836,206840,210804,210805,211854,210810,210811,228390,228390,228398,228400,228401,228401,241287,241288,241289,241290,241297,241297,241298,247805,247805,248106,248106,253380,253380,253380,253383,253383,253430,253431,"," 2.5""/ 1.5""  System with PRO-M Shocks", $	724.95 ,8x6.5,17X8.5 +25MM,"MR31578580525, MR31578580125, MR30178580525, MR31578580325",315/70/17 LRD OR LRE,"BFG08806, PCT43157017"
Missing Vehicle IDs for 2022 models,,https://www.procompusa.com/product-skus/2-lift-kit-with-pro-m-shocks-k1184m/,K1184M,base,,GM 2500 HD 20-22,"261106,261113,271483,271485,271596,271621,271624,261103,261104,261106,261120,261112,261112,271199,271484,271485,271628,271628,261104,261105,261105,261111,261111,261113,261114,261122,271483,271484,271621,271622,271623,271623,261103,261114,261122,271199,271596,271622,271624,"," 2.5""/ 1.5""  System with PRO-M Shocks", $	799.95 ,8x6.5,17X8.5 +25MM,"MR31578580525, MR31578580125, MR30178580525, MR31578580325",315/70/17 LRD OR LRE,"BFG08806, PCT43157017"
Missing Vehicle IDs for 2022 models,,https://www.procompusa.com/product-skus/2-suspension-lift-kit-k1184mu/,K1184MU,base-uca,,GM 2500 HD 20-22,"261106,261113,271483,271485,271596,271621,271624,261103,261104,261106,261120,261112,261112,271199,271484,271485,271628,271628,261104,261105,261105,261111,261111,261113,261114,261122,271483,271484,271621,271622,271623,271623,261103,261114,261122,271199,271596,271622,271624,"," 2.5""/ 1.5""  System with PRO-M Shocks and Upper Control Arms"," $	1,555.94 ",8x6.5,17X8.5 +25MM,"MR31578580525, MR31578580125, MR30178580525, MR31578580325",315/70/17 LRD OR LRE,"BFG08806, PCT43157017"
Includes spacers for existing coils & trackbar,,https://www.procompusa.com/product-skus/2-lift-kit-with-pro-m-shocks-k2002m/,K2002M,base,,RAM 2500 14-22,"207955,207955,209168,209168,209168,212702,212702,212704,212704,212706,212706,212707,212707,230222,230222,230223,230223,234169,234169,234169,240939,240939,240939,250058,250058,250059,250061,252461,252461,252461,259148,259152,259154,262380,262381,262383,275029,275033,291813,291815,296143,296144,207954,207955,207957,207957,209170,209170,212699,212702,212703,212704,212705,212706,212706,230219,230221,234170,234170,240940,240941,240944,250052,250052,250052,250059,259150,259151,261416,262380,262382,262384,262385,262386,207954,207955,207956,207956,207956,209167,209167,209167,209171,209171,209171,211442,212700,212700,212701,212701,212707,212707,230219,230219,230222,230223,230223,234168,234168,234168,275028,275030,275031,275031,275032,275034,291887,291812,291812,291814,291815,240939,240940,240940,240941,240942,240942,240942,240945,240945,250060,250061,250062,250062,250062,259150,259151,261416,262382,262384,262385,262386,275028,291811,291811,291813,296143,296144,207954,207954,207957,209170,212699,212699,212700,212701,212703,212703,230220,230220,230220,230222,234170,240940,240941,240943,240943,240943,240945,250052,250062,259148,259149,259152,259154,262383,275029,275030,275032,275034,291887,291810,291814,"," 2""/ 0""  System with PRO-M Shocks", $	594.95 ,8x6.5,17X8.5 +25MM,"MR31578580525, MR31578580125, MR30178580525, MR31578580325",37x12.5x17 LRD OR LRE,BFG35666
Includes new coils and trackbar,,https://www.procompusa.com/product-skus/2-lift-kit-with-pro-m-shocks-k2001m/,K2001M,base,plus,RAM 2500 14-22,"207955,207955,209168,209168,209168,212702,212702,212704,212704,212706,212706,212707,212707,230222,230222,230223,230223,234169,234169,234169,240939,240939,240939,250058,250058,250059,250061,252461,252461,252461,259148,259152,259154,262380,262381,262383,275029,275033,291813,291815,296143,296144,207954,207955,207957,207957,209170,209170,212699,212702,212703,212704,212705,212706,212706,230219,230221,234170,234170,240940,240941,240944,250052,250052,250052,250059,259150,259151,261416,262380,262382,262384,262385,262386,207954,207955,207956,207956,207956,209167,209167,209167,209171,209171,209171,211442,212700,212700,212701,212701,212707,212707,230219,230219,230222,230223,230223,234168,234168,234168,275028,275030,275031,275031,275032,275034,291887,291812,291812,291814,291815,240939,240940,240940,240941,240942,240942,240942,240945,240945,250060,250061,250062,250062,250062,259150,259151,261416,262382,262384,262385,262386,275028,291811,291811,291813,296143,296144,207954,207954,207957,209170,212699,212699,212700,212701,212703,212703,230220,230220,230220,230222,234170,240940,240941,240943,240943,240943,240945,250052,250062,259148,259149,259152,259154,262383,275029,275030,275032,275034,291887,291810,291814,","2.5""/ 0""  System with PRO-M Shocks with Front Coils and Adjustable Track Bar"," $	1,182.94 ",8x6.5,17X8.5 +25MM,"MR31578580525, MR31578580125, MR30178580525, MR31578580325",37x12.5x17 LRD OR LRE,BFG35666
,,https://www.procompusa.com/product-skus/2-5-lift-kit-with-vst-2-5-shocks-k2001bx/,K2001BX,pro,,RAM 2500 14-22,"207955,207955,209168,209168,209168,212702,212702,212704,212704,212706,212706,212707,212707,230222,230222,230223,230223,234169,234169,234169,240939,240939,240939,250058,250058,250059,250061,252461,252461,252461,259148,259152,259154,262380,262381,262383,275029,275033,291813,291815,296143,296144,207954,207955,207957,207957,209170,209170,212699,212702,212703,212704,212705,212706,212706,230219,230221,234170,234170,240940,240941,240944,250052,250052,250052,250059,259150,259151,261416,262380,262382,262384,262385,262386,207954,207955,207956,207956,207956,209167,209167,209167,209171,209171,209171,211442,212700,212700,212701,212701,212707,212707,230219,230219,230222,230223,230223,234168,234168,234168,275028,275030,275031,275031,275032,275034,291887,291812,291812,291814,291815,240939,240940,240940,240941,240942,240942,240942,240945,240945,250060,250061,250062,250062,250062,259150,259151,261416,262382,262384,262385,262386,275028,291811,291811,291813,296143,296144,207954,207954,207957,209170,212699,212699,212700,212701,212703,212703,230220,230220,230220,230222,234170,240940,240941,240943,240943,240943,240945,250052,250062,259148,259149,259152,259154,262383,275029,275030,275032,275034,291887,291810,291814,"," 2.5""/ 0""  System with PRO-VST 2.5"" Shocks"," $	1,862.96 ",8x6.5,17X8.5 +25MM,"MR31578580525, MR31578580125, MR30178580525, MR31578580325",37x12.5x17 LRD OR LRE,BFG35666
,,https://www.procompusa.com/product-skus/3-5-lift-kit-with-pro-vst-2-5-coilovers-and-shocks-with-rear-coil-spacers-k5099bx/,K5099BX,pro,,TOYOTA 4RUNNER 03-09,"19853,19854,54805,56021,56021,56995,70617,70618,70618,73675,19853,19854,201347,54806,54807,56020,56995,62908,62908,73675,54807,56020,56022,56022,70617,70619,70619,73674,73674,73676,201347,54805,54806,56993,56993,56994,56994,62906,62906,62907,62907,73676,"," 2-3.75""/1.5""  System with PRO-VST 2.5"" Coilovers and Shocks with Rear Coil Spacers"," $	2,133.95 ",6x5.5,17X8.5 +25MM,"MR30178560525, MR305785601025, MR30578560925, MR30178560325",285/70/17 LRC,"BFG81501, PCT42857017"
,,https://www.procompusa.com/product-skus/3-5-lift-kit-with-pro-vst-2-5-coilovers-and-shocks-with-rear-coil-springs-k5097bx/,K5097BX,pro-plus,plus,TOYOTA 4RUNNER 03-09,"19853,19854,54805,56021,56021,56995,70617,70618,70618,73675,19853,19854,201347,54806,54807,56020,56995,62908,62908,73675,54807,56020,56022,56022,70617,70619,70619,73674,73674,73676,201347,54805,54806,56993,56993,56994,56994,62906,62906,62907,62907,73676,"," 2-3.75""/1.5""  System with PRO-VST 2.5"" Coilovers and Shocks with Rear Coil Springs"," $	2,179.95 ",6x5.5,17X8.5 +25MM,"MR30178560525, MR305785601025, MR30578560925, MR30178560325",285/70/17 LRC,"BFG81501, PCT42857017"
,,https://www.procompusa.com/product-skus/3-5-lift-kit-with-pro-vst-2-5-coilovers-and-shocks-with-rear-coil-spacers-and-upper-control-arms-k5099bxu/,K5099BXU,pro-uca,,TOYOTA 4RUNNER 03-09,"19853,19854,54805,56021,56021,56995,70617,70618,70618,73675,19853,19854,201347,54806,54807,56020,56995,62908,62908,73675,54807,56020,56022,56022,70617,70619,70619,73674,73674,73676,201347,54805,54806,56993,56993,56994,56994,62906,62906,62907,62907,73676,"," 2-3.75""/1.5""  System with PRO-VST 2.5"" Coilovers and Shocks with Rear Coil Spacers and Upper Control Arms"," $	2,889.94 ",6x5.5,17X8.5 +25MM,"MR30178560525, MR305785601025, MR30578560925, MR30178560325",285/70/17 LRC,"BFG81501, PCT42857017"
,,https://www.procompusa.com/product-skus/3-5-lift-kit-with-pro-vst-2-5-coilovers-and-shocks-with-rear-coil-spacers-and-upper-control-arms-k5097bxu/,K5097BXU,pro-uca-plus,plus,TOYOTA 4RUNNER 03-09,"19853,19854,54805,56021,56021,56995,70617,70618,70618,73675,19853,19854,201347,54806,54807,56020,56995,62908,62908,73675,54807,56020,56022,56022,70617,70619,70619,73674,73674,73676,201347,54805,54806,56993,56993,56994,56994,62906,62906,62907,62907,73676,"," 2-3.75""/1.5""  System with PRO-VST 2.5"" Coilovers and Shocks with Rear Coil Spacers and Upper Control Arms"," $	2,935.94 ",6x5.5,17X8.5 +25MM,"MR30178560525, MR305785601025, MR30578560925, MR30178560325",285/70/17 LRC,"BFG81501, PCT42857017"
,,https://www.procompusa.com/product-skus/2-5-lift-kit-with-pro-m-shocks-k5097ms/,K5097MS,base,,TOYOTA 4RUNNER 10-22,"147369,156064,156067,192543,192544,198139,208433,232358,232359,250329,254184,261075,265895,272674,272677,288271,288274,147368,198137,147370,244734,244735,254187,261072,261074,213612,213613,213614,232360,272675,288270,288272,288276,250331,254186,256553,256554,265894,272676,272679,275797,147368,156066,288268,288273,288275,192545,198138,208431,208432,244737,250328,256551,256552,261071,261073,272672,272678,288269,"," 0-2""/0""  System with PRO-M Shocks", $	399.96 ,6x5.5,17X8.5 +25MM,"MR30178560525, MR305785601025, MR30578560925, MR30178560325",265/70/17 LRC,"BFG66255, BFG29668, PCT42657017"
,,https://www.procompusa.com/product-skus/2-5-lift-kit-with-pro-m-shocks-and-upper-control-arms-k5097msu/,K5097MSU,base-uca,,TOYOTA 4RUNNER 10-22,"147369,156064,156067,192543,192544,198139,208433,232358,232359,250329,254184,261075,265895,272674,272677,288271,288274,147368,198137,147370,244734,244735,254187,261072,261074,213612,213613,213614,232360,272675,288270,288272,288276,250331,254186,256553,256554,265894,272676,272679,275797,147368,156066,288268,288273,288275,192545,198138,208431,208432,244737,250328,256551,256552,261071,261073,272672,272678,288269,"," 0-2""/0""  System with PRO-M Shocks and Upper Control Arms"," $	1,155.95 ",6x5.5,17X8.5 +25MM,"MR30178560525, MR305785601025, MR30578560925, MR30178560325",265/70/17 LRC,"BFG66255, BFG29668, PCT42657017"
,,https://www.procompusa.com/product-skus/3-5-lift-kit-with-pro-vst-2-5-coilovers-and-shocks-with-rear-coil-spacers-k5101bx/,K5101BX,pro,,TOYOTA 4RUNNER 10-22,"147369,156064,156067,192543,192544,198139,208433,232358,232359,250329,254184,261075,265895,272674,272677,288271,288274,147368,198137,147370,244734,244735,254187,261072,261074,213612,213613,213614,232360,272675,288270,288272,288276,250331,254186,256553,256554,265894,272676,272679,275797,147368,156066,288268,288273,288275,192545,198138,208431,208432,244737,250328,256551,256552,261071,261073,272672,272678,288269,"," 2-3.75""/1.5""  System with PRO-VST 2.5"" Coilovers and Shocks with Rear Coil Spacers"," $	2,112.95 ",6x5.5,17X8.5 +25MM,"MR30178560525, MR305785601025, MR30578560925, MR30178560325",285/70/17 LRC,"BFG81501, PCT42857017"
,,https://www.procompusa.com/product-skus/3-5-lift-kit-with-pro-vst-2-5-coilovers-and-shocks-with-rear-coil-springs-k5098bx/,K5098BX,pro-plus,plus,TOYOTA 4RUNNER 10-22,"147369,156064,156067,192543,192544,198139,208433,232358,232359,250329,254184,261075,265895,272674,272677,288271,288274,147368,198137,147370,244734,244735,254187,261072,261074,213612,213613,213614,232360,272675,288270,288272,288276,250331,254186,256553,256554,265894,272676,272679,275797,147368,156066,288268,288273,288275,192545,198138,208431,208432,244737,250328,256551,256552,261071,261073,272672,272678,288269,"," 2-3.75""/1.5""  System with PRO-VST 2.5"" Coilovers and Shocks with Rear Coil Springs"," $	2,158.95 ",6x5.5,17X8.5 +25MM,"MR30178560525, MR30578560325, MR30578560925, MR30178560325",285/70/17 LRC,"BFG81501, PCT42857017"
,,https://www.procompusa.com/product-skus/3-5-lift-kit-with-pro-vst-2-5-coilovers-and-shocks-with-rear-coil-spacers-and-upper-control-arms-k5101bxu/,K5101BXU,pro-uca,,TOYOTA 4RUNNER 10-22,"147369,156064,156067,192543,192544,198139,208433,232358,232359,250329,254184,261075,265895,272674,272677,288271,288274,147368,198137,147370,244734,244735,254187,261072,261074,213612,213613,213614,232360,272675,288270,288272,288276,250331,254186,256553,256554,265894,272676,272679,275797,147368,156066,288268,288273,288275,192545,198138,208431,208432,244737,250328,256551,256552,261071,261073,272672,272678,288269,"," 2-3.75""/1.5""  System with PRO-VST 2.5"" Coilovers and Shocks with Rear Coil Spacers and Upper Control Arms"," $	2,868.94 ",6x5.5,17X8.5 +25MM,"MR30178560525, MR305785601025, MR30578560925, MR30178560325",285/70/17 LRC,"BFG81501, PCT42857017"
"Short description said Coil Spacers, but I think it‚Äôs supposed to be Coil Springs. So I changed it",,https://www.procompusa.com/product-skus/3-5-lift-kit-with-pro-vst-2-5-coilovers-and-shocks-with-rear-coil-spacers-and-upper-control-arms-k5098bxu/,K5098BXU,pro-uca-plus,plus,TOYOTA 4RUNNER 10-22,"147369,156064,156067,192543,192544,198139,208433,232358,232359,250329,254184,261075,265895,272674,272677,288271,288274,147368,198137,147370,244734,244735,254187,261072,261074,213612,213613,213614,232360,272675,288270,288272,288276,250331,254186,256553,256554,265894,272676,272679,275797,147368,156066,288268,288273,288275,192545,198138,208431,208432,244737,250328,256551,256552,261071,261073,272672,272678,288269,"," 2-3.75""/1.5""  System with PRO-VST 2.5"" Coilovers and Shocks with Rear Coil Springs and Upper Control Arms"," $	2,914.94 ",6x5.5,17X8.5 +25MM,"MR30178560525, MR305785601025, MR30578560925, MR30178560325",285/70/17 LRC,"BFG81501, PCT42857017"
,,https://www.procompusa.com/product-skus/2-lift-kit-with-pro-m-shocks-k5095ms/,K5095MS,base,,TOYOTA TACOMA 05-22,"57024,57025,57026,70644,70645,153351,153353,156082,191517,191519,208445,213622,213623,232908,232910,241206,251795,251795,251797,251798,251800,260921,260921,273284,275798,296181,56242,63123,63124,73150,153351,153352,156082,156083,156085,56243,57024,63124,191517,191518,198145,70645,73151,73151,208444,213622,232906,232907,232909,241206,241208,191518,198145,198147,198148,254197,254199,260859,208444,208445,213623,232906,232907,296185,56242,56243,56244,57025,63123,63125,70646,70646,254197,260919,260920,73152,73152,153352,156083,273284,273286,296181,296182,296183,198147,241204,241205,241205,241207,251796,251796,254194,254196,254198,254198,260859,260918,273281,273283,273285,273285,296180,296182,"," 0-2""/ 0""  System with PRO-M Shocks", $	399.96 ,6x5.5,17X8.5 +25MM,"MR30178560525, MR305785601025, MR30578560525, MR30178560325",265/70/17 LRC,"BFG66255, BFG29668, PCT42657017"
,,https://www.procompusa.com/product-skus/2-5-lift-kit-with-pro-m-shocks-k5095msu/,K5095MSU,base-uca,,TOYOTA TACOMA 05-22,"57024,57025,57026,70644,70645,153351,153353,156082,191517,191519,208445,213622,213623,232908,232910,241206,251795,251795,251797,251798,251800,260921,260921,273284,275798,296181,56242,63123,63124,73150,153351,153352,156082,156083,156085,56243,57024,63124,191517,191518,198145,70645,73151,73151,208444,213622,232906,232907,232909,241206,241208,191518,198145,198147,198148,254197,254199,260859,208444,208445,213623,232906,232907,296185,56242,56243,56244,57025,63123,63125,70646,70646,254197,260919,260920,73152,73152,153352,156083,273284,273286,296181,296182,296183,198147,241204,241205,241205,241207,251796,251796,254194,254196,254198,254198,260859,260918,273281,273283,273285,273285,296180,296182,"," 0-2""/ 0""  System with PRO-M Shocks and Upper Control Arms"," $	1,428.93 ",6x5.5,17X8.5 +25MM,"MR30178560525, MR305785601025, MR30578560925, MR30178560325",265/70/17 LRC,"BFG66255, BFG29668, PCT42657017"
,,https://www.procompusa.com/product-skus/2-5-lift-kit-with-vsrt-2-5-coilovers-and-shocks-k5095bx/,K5095BX,pro,,TOYOTA TACOMA 05-22,"57024,57025,57026,70644,70645,153351,153353,156082,191517,191519,208445,213622,213623,232908,232910,241206,251795,251795,251797,251798,251800,260921,260921,273284,275798,296181,56242,63123,63124,73150,153351,153352,156082,156083,156085,56243,57024,63124,191517,191518,198145,70645,73151,73151,208444,213622,232906,232907,232909,241206,241208,191518,198145,198147,198148,254197,254199,260859,208444,208445,213623,232906,232907,296185,56242,56243,56244,57025,63123,63125,70646,70646,254197,260919,260920,73152,73152,153352,156083,273284,273286,296181,296182,296183,198147,241204,241205,241205,241207,251796,251796,254194,254196,254198,254198,260859,260918,273281,273283,273285,273285,296180,296182,"," 0.5-3""/ 1.5""  System with VSRT 2.5"" Coilovers and Shocks"," $	2,196.95 ",6x5.5,17X8.5 +25MM,"MR30178560525, MR305785601025, MR30578560525, MR30178560325",285/70/17 LRC,"BFG81501, PCT42857017"
,,https://www.procompusa.com/product-skus/2-5-lift-kit-with-vsrt-2-5-coilovers-shocks-and-upper-control-arm-k5095bxu/,K5095BXU,pro-uca,,TOYOTA TACOMA 05-22,"57024,57025,57026,70644,70645,153351,153353,156082,191517,191519,208445,213622,213623,232908,232910,241206,251795,251795,251797,251798,251800,260921,260921,273284,275798,296181,56242,63123,63124,73150,153351,153352,156082,156083,156085,56243,57024,63124,191517,191518,198145,70645,73151,73151,208444,213622,232906,232907,232909,241206,241208,191518,198145,198147,198148,254197,254199,260859,208444,208445,213623,232906,232907,296185,56242,56243,56244,57025,63123,63125,70646,70646,254197,260919,260920,73152,73152,153352,156083,273284,273286,296181,296182,296183,198147,241204,241205,241205,241207,251796,251796,254194,254196,254198,254198,260859,260918,273281,273283,273285,273285,296180,296182,"," 0.5-3""/ 1.5""  System with VSRT 2.5‚Äù Coilovers, Shocks and Upper Control Arms"," $	2,952.94 ",6x5.5,17X8.5 +25MM,"MR30178560525, MR305785601025, MR30578560925, MR30178560325",285/70/17 LRC,"BFG81501, PCT42857017"
,,https://www.procompusa.com/product-skus/2-lift-kit-with-pro-m-shocks-k5100ms/,K5100MS,base,,TOYOTA TUNDRA 07-21,"67655,67657,70641,70641,74214,74214,156123,156123,198149,198149,198149,201467,208048,208052,213828,213829,241404,241406,241407,250530,261141,274720,274721,274736,67655,70642,73680,73680,73681,73681,73682,73682,74216,74216,156120,156121,191520,191521,198150,198150,67655,67656,67657,70641,70643,73680,73680,73681,73682,73682,74216,208048,208049,208050,208051,213825,230149,230150,230150,241403,241406,250529,250530,250532,254201,254203,261142,261143,261145,208048,208049,208049,208051,208052,213825,213826,213827,213827,213828,213829,230147,230149,230150,230151,230152,230152,241405,241405,241406,241407,250532,250532,250533,254200,67656,67657,70642,70643,70643,254201,254204,261146,74214,74214,74215,74215,74215,74216,156120,156120,156120,156121,156123,156123,191520,191520,191520,191521,198149,201467,208048,208050,213826,213828,213829,230147,230151,230151,241403,241404,241407,250529,250531,250531,250533,250533,254200,254200,254202,274719,274723,274737,275799,"," 0-2""/ 0""  System with PRO-M Shocks", $	399.99 ,5x150,17X8.5 +25MM,"MR30578558525, MR31477558525, MR31477558825, MR31678058525",315/70/17 LRC,"BFG08806, PCT43157017"
,,,K5100MSU,base-uca,,TOYOTA TUNDRA 07-21,"67655,67657,70641,70641,74214,74214,156123,156123,198149,198149,198149,201467,208048,208052,213828,213829,241404,241406,241407,250530,261141,274720,274721,274736,67655,70642,73680,73680,73681,73681,73682,73682,74216,74216,156120,156121,191520,191521,198150,198150,67655,67656,67657,70641,70643,73680,73680,73681,73682,73682,74216,208048,208049,208050,208051,213825,230149,230150,230150,241403,241406,250529,250530,250532,254201,254203,261142,261143,261145,208048,208049,208049,208051,208052,213825,213826,213827,213827,213828,213829,230147,230149,230150,230151,230152,230152,241405,241405,241406,241407,250532,250532,250533,254200,67656,67657,70642,70643,70643,254201,254204,261146,74214,74214,74215,74215,74215,74216,156120,156120,156120,156121,156123,156123,191520,191520,191520,191521,198149,201467,208048,208050,213826,213828,213829,230147,230151,230151,241403,241404,241407,250529,250531,250531,250533,250533,254200,254200,254202,274719,274723,274737,275799,"," 0-2""/ 0""  System with PRO-M Shocks and Upper Control Arms"," $	1,155.95 ",5x150,17X8.5 +25MM,"MR30578558525, MR31477558525, MR31477558825, MR31678058525",315/70/17 LRC,"BFG08806, PCT43157017"
,,https://www.procompusa.com/product-skus/2-lift-kit-with-pro-m-shocks-rear-add-a-leafs-and-upper-control-arms-k5100msul/,K5100MSUL,base-uca-leaf,plus,TOYOTA TUNDRA 07-21,"67655,67657,70641,70641,74214,74214,156123,156123,198149,198149,198149,201467,208048,208052,213828,213829,241404,241406,241407,250530,261141,274720,274721,274736,67655,70642,73680,73680,73681,73681,73682,73682,74216,74216,156120,156121,191520,191521,198150,198150,67655,67656,67657,70641,70643,73680,73680,73681,73682,73682,74216,208048,208049,208050,208051,213825,230149,230150,230150,241403,241406,250529,250530,250532,254201,254203,261142,261143,261145,208048,208049,208049,208051,208052,213825,213826,213827,213827,213828,213829,230147,230149,230150,230151,230152,230152,241405,241405,241406,241407,250532,250532,250533,254200,67656,67657,70642,70643,70643,254201,254204,261146,74214,74214,74215,74215,74215,74216,156120,156120,156120,156121,156123,156123,191520,191520,191520,191521,198149,201467,208048,208050,213826,213828,213829,230147,230151,230151,241403,241404,241407,250529,250531,250531,250533,250533,254200,254200,254202,274719,274723,274737,275799,"," 0-2""/ 1.5""  System with PRO-M Shocks, Rear Add-a-leafs and Upper Control Arms"," $	1,383.92 ",5x150,17X8.5 +25MM,"MR30578558525, MR31477558525, MR31477558825, MR31678058525",315/70/17 LRC,"BFG08806, PCT43157017"
,,,K5100BX,pro,,TOYOTA TUNDRA 07-21,"67655,67657,70641,70641,74214,74214,156123,156123,198149,198149,198149,201467,208048,208052,213828,213829,241404,241406,241407,250530,261141,274720,274721,274736,67655,70642,73680,73680,73681,73681,73682,73682,74216,74216,156120,156121,191520,191521,198150,198150,67655,67656,67657,70641,70643,73680,73680,73681,73682,73682,74216,208048,208049,208050,208051,213825,230149,230150,230150,241403,241406,250529,250530,250532,254201,254203,261142,261143,261145,208048,208049,208049,208051,208052,213825,213826,213827,213827,213828,213829,230147,230149,230150,230151,230152,230152,241405,241405,241406,241407,250532,250532,250533,254200,67656,67657,70642,70643,70643,254201,254204,261146,74214,74214,74215,74215,74215,74216,156120,156120,156120,156121,156123,156123,191520,191520,191520,191521,198149,201467,208048,208050,213826,213828,213829,230147,230151,230151,241403,241404,241407,250529,250531,250531,250533,250533,254200,254200,254202,274719,274723,274737,275799,"," 1.5-2.5""/ 0""  System with PRO-VST 2.5""  Coilovers, Shocks"," $	1,970.97 ",5x150,17X8.5 +25MM,"MR30578558525, MR31477558525, MR31477558825, MR31678058525",315/70/17 LRC,"BFG08806, PCT43157017"
,,https://www.procompusa.com/product-skus/2-5-performance-system-with-pro-vst-2-5-coilovers-shocks-rear-add-a-leafs-k5100bxl/,K5100BXL,pro-leaf,plus,TOYOTA TUNDRA 07-21,"67655,67657,70641,70641,74214,74214,156123,156123,198149,198149,198149,201467,208048,208052,213828,213829,241404,241406,241407,250530,261141,274720,274721,274736,67655,70642,73680,73680,73681,73681,73682,73682,74216,74216,156120,156121,191520,191521,198150,198150,67655,67656,67657,70641,70643,73680,73680,73681,73682,73682,74216,208048,208049,208050,208051,213825,230149,230150,230150,241403,241406,250529,250530,250532,254201,254203,261142,261143,261145,208048,208049,208049,208051,208052,213825,213826,213827,213827,213828,213829,230147,230149,230150,230151,230152,230152,241405,241405,241406,241407,250532,250532,250533,254200,67656,67657,70642,70643,70643,254201,254204,261146,74214,74214,74215,74215,74215,74216,156120,156120,156120,156121,156123,156123,191520,191520,191520,191521,198149,201467,208048,208050,213826,213828,213829,230147,230151,230151,241403,241404,241407,250529,250531,250531,250533,250533,254200,254200,254202,274719,274723,274737,275799,"," 1.5-2.5""/ 1.5""  System with PRO-VST 2.5""  Coilovers, Shocks, Rear Add-a-leafs"," $	2,198.94 ",5x150,17X8.5 +25MM,"MR30578558525, MR31477558525, MR31477558825, MR31678058525",315/70/17 LRC,"BFG08806, PCT43157017"
,,,K5100BXU,pro-uca,,TOYOTA TUNDRA 07-21,"67655,67657,70641,70641,74214,74214,156123,156123,198149,198149,198149,201467,208048,208052,213828,213829,241404,241406,241407,250530,261141,274720,274721,274736,67655,70642,73680,73680,73681,73681,73682,73682,74216,74216,156120,156121,191520,191521,198150,198150,67655,67656,67657,70641,70643,73680,73680,73681,73682,73682,74216,208048,208049,208050,208051,213825,230149,230150,230150,241403,241406,250529,250530,250532,254201,254203,261142,261143,261145,208048,208049,208049,208051,208052,213825,213826,213827,213827,213828,213829,230147,230149,230150,230151,230152,230152,241405,241405,241406,241407,250532,250532,250533,254200,67656,67657,70642,70643,70643,254201,254204,261146,74214,74214,74215,74215,74215,74216,156120,156120,156120,156121,156123,156123,191520,191520,191520,191521,198149,201467,208048,208050,213826,213828,213829,230147,230151,230151,241403,241404,241407,250529,250531,250531,250533,250533,254200,254200,254202,274719,274723,274737,275799,"," 1.5-2.5""/ 0""  System with PRO-VST 2.5""  Coilovers, Shocks, and Upper Control Arms"," $	2,726.96 ",5x150,17X8.5 +25MM,"MR30578558525, MR31477558525, MR31477558825, MR31678058525",315/70/17 LRC,"BFG08806, PCT43157017"
,,https://www.procompusa.com/product-skus/2-5-performance-system-with-pro-vst-2-5-coilovers-shocks-rear-add-a-leafs-and-upper-control-arms-k5100bxul/,K5100BXUL,pro-uca-leaf,,TOYOTA TUNDRA 07-21,"67655,67657,70641,70641,74214,74214,156123,156123,198149,198149,198149,201467,208048,208052,213828,213829,241404,241406,241407,250530,261141,274720,274721,274736,67655,70642,73680,73680,73681,73681,73682,73682,74216,74216,156120,156121,191520,191521,198150,198150,67655,67656,67657,70641,70643,73680,73680,73681,73682,73682,74216,208048,208049,208050,208051,213825,230149,230150,230150,241403,241406,250529,250530,250532,254201,254203,261142,261143,261145,208048,208049,208049,208051,208052,213825,213826,213827,213827,213828,213829,230147,230149,230150,230151,230152,230152,241405,241405,241406,241407,250532,250532,250533,254200,67656,67657,70642,70643,70643,254201,254204,261146,74214,74214,74215,74215,74215,74216,156120,156120,156120,156121,156123,156123,191520,191520,191520,191521,198149,201467,208048,208050,213826,213828,213829,230147,230151,230151,241403,241404,241407,250529,250531,250531,250533,250533,254200,254200,254202,274719,274723,274737,275799,"," 1.5-2.5""/ 1.5""  System with PRO-VST 2.5""  Coilovers, Shocks, Rear Add-a-leafs and Upper Control Arms"," $	2,954.93 ",5x150,17X8.5 +25MM,"MR30578558525, MR31477558525, MR31477558825, MR31678058525",315/70/17 LRC,"BFG08806, PCT43157017"
,,https://www.procompusa.com/product-skus/pro-comp-2-5-performance-system-with-pro-vst-2-5-coilovers-and-shocks-k5102bx/,K5102BX,pro,,TOYOTA TUNDRA 22-UP,"294745,294747,294745,294749,294748,294750,300943,294747,294748,"," 1-2.5""/ 1""  System with PRO-VST 2.5""  Coilovers and Shocks"," $	2,186.96 ",6x5.5,17x8.5 +45MM,,315/70/17 LRC,"BFG08806, PCT43157017"
,,https://www.procompusa.com/product-skus/pro-comp-2-5-performance-suspension-system-with-pro-vst-2-5-coilovers-and-pro-series-upper-control-arms-k5102bxu/,K5102BXU,pro-uca,,TOYOTA TUNDRA 22-UP,"294745,294747,294745,294749,294748,294750,300943,294747,294748,"," 1-2.5""/ 1""  System with PRO-VST 2.5""  Coilovers, Shocks and Upper Control Arms"," $	2,942.95 ",6x5.5,17x8.5 +45MM,,315/70/17 LRC,"BFG08806, PCT43157017"